id;bank;product_name;amount_min;amount_max;amount_currency;min_term;max_term;term_unit;rate_branch;rate_klik_bonus;rate_klik_total;offer_type;source;url;last_updated;notes;source_file
4;Addiko Bank d.d.;Kratkoročni evrski depozit 91–180 dni;400;500000.0;EUR;91;180.0;days;1.0;0.0;1.0;regular;pdf;https://www.addiko.si/static/uploads/Obrestne-mere_obcani_Veljavnost-od-01.02.2026.pdf;2026-02-28;redna ponudba;addiko_depoziti.csv
4;Addiko Bank d.d.;Depozit 3-5M;400;500000.0;EUR;3;5.0;months;1.0;0.0;1.0;regular;pdf;https://www.addiko.si/static/uploads/Obrestne-mere_obcani_Veljavnost-od-01.02.2026.pdf;2026-02-28;redna ponudba (3-5M derived from 91-180 days);addiko_depoziti.csv
4;Addiko Bank d.d.;Kratkoročni evrski depozit 181–270 dni;400;500000.0;EUR;181;270.0;days;1.35;0.0;1.35;regular;pdf;https://www.addiko.si/static/uploads/Obrestne-mere_obcani_Veljavnost-od-01.02.2026.pdf;2026-02-28;redna ponudba;addiko_depoziti.csv
4;Addiko Bank d.d.;Depozit 6-8M;400;500000.0;EUR;6;8.0;months;1.35;0.0;1.35;regular;pdf;https://www.addiko.si/static/uploads/Obrestne-mere_obcani_Veljavnost-od-01.02.2026.pdf;2026-02-28;redna ponudba (6-8M derived from 181-270 days);addiko_depoziti.csv
4;Addiko Bank d.d.;Kratkoročni evrski depozit 271 dni–1 leto;400;500000.0;EUR;271;365.0;days;1.4;0.0;1.4;regular;pdf;https://www.addiko.si/static/uploads/Obrestne-mere_obcani_Veljavnost-od-01.02.2026.pdf;2026-02-28;redna ponudba;addiko_depoziti.csv
4;Addiko Bank d.d.;Depozit 9-11M;400;500000.0;EUR;9;11.0;months;1.4;0.0;1.4;regular;pdf;https://www.addiko.si/static/uploads/Obrestne-mere_obcani_Veljavnost-od-01.02.2026.pdf;2026-02-28;redna ponudba (9-11M derived from 271-365 days);addiko_depoziti.csv
4;Addiko Bank d.d.;Dolgoročni evrski depozit >1–2 leti;400;500000.0;EUR;12;23.0;months;1.6;0.0;1.6;regular;pdf;https://www.addiko.si/static/uploads/Obrestne-mere_obcani_Veljavnost-od-01.02.2026.pdf;2026-02-28;redna ponudba;addiko_depoziti.csv
4;Addiko Bank d.d.;Dolgoročni evrski depozit >2–3 leta;400;500000.0;EUR;24;36.0;months;1.75;0.0;1.75;regular;pdf;https://www.addiko.si/static/uploads/Obrestne-mere_obcani_Veljavnost-od-01.02.2026.pdf;2026-02-28;redna ponudba;addiko_depoziti.csv
4;Addiko Bank d.d.;Dolgoročni evrski depozit >3–5 let;400;500000.0;EUR;37;60.0;months;1.75;0.0;1.75;regular;pdf;https://www.addiko.si/static/uploads/Obrestne-mere_obcani_Veljavnost-od-01.02.2026.pdf;2026-02-28;redna ponudba;addiko_depoziti.csv
4;Addiko Bank d.d.;Dolgoročni akcijski evrski depozit >1,5–2 leti;400;500000.0;EUR;19;23.0;months;1.6;0.1499999999999999;1.75;special;pdf;https://www.addiko.si/static/uploads/Obrestne-mere_obcani_Veljavnost-od-01.02.2026.pdf;2026-02-28;akcijska ponudba;addiko_depoziti.csv
8;BKS Bank AG;Depozit 6M;1000;;EUR;6;6.0;months;1.2;0.0;1.2;regular;pdf;https://www.bksbank.si/mbxs8qn54zwj/5KCS2xBUrYLfcAD08PEYkA/7795108aff18106ef4539f251bfa5d08/Obrestne_mere_VLOGE_1._1._2026_final.pdf;2026-02-28;scraped via PDF;bks_depoziti.csv
8;BKS Bank AG;Depozit 12M;1000;;EUR;12;12.0;months;1.3;0.0;1.3;regular;pdf;https://www.bksbank.si/mbxs8qn54zwj/5KCS2xBUrYLfcAD08PEYkA/7795108aff18106ef4539f251bfa5d08/Obrestne_mere_VLOGE_1._1._2026_final.pdf;2026-02-28;scraped via PDF;bks_depoziti.csv
8;BKS Bank AG;Depozit 24M;1000;;EUR;24;24.0;months;1.7;0.0;1.7;regular;pdf;https://www.bksbank.si/mbxs8qn54zwj/5KCS2xBUrYLfcAD08PEYkA/7795108aff18106ef4539f251bfa5d08/Obrestne_mere_VLOGE_1._1._2026_final.pdf;2026-02-28;scraped via PDF;bks_depoziti.csv
8;BKS Bank AG;Depozit 36M;1000;;EUR;36;36.0;months;1.75;0.0;1.75;regular;pdf;https://www.bksbank.si/mbxs8qn54zwj/5KCS2xBUrYLfcAD08PEYkA/7795108aff18106ef4539f251bfa5d08/Obrestne_mere_VLOGE_1._1._2026_final.pdf;2026-02-28;scraped via PDF;bks_depoziti.csv
7;Delavska hranilnica d.d.;Depozit 31-90 dni;100;500000.0;EUR;31;90.0;days;0.6;0.0;0.6;regular;pdf;https://www.dh.si/doc/tarifa-in-obrestne-mere/sklep-o-obrestnih-merah-veljavnost-15012026.pdf;2026-02-28;"scraped via PDF; posebna ponudba do 15.1.2026 (ne upoštevamo)";dh_depoziti.csv
7;Delavska hranilnica d.d.;Depozit 91-180 dni;100;500000.0;EUR;91;180.0;days;0.8;0.0;0.8;regular;pdf;https://www.dh.si/doc/tarifa-in-obrestne-mere/sklep-o-obrestnih-merah-veljavnost-15012026.pdf;2026-02-28;"scraped via PDF; posebna ponudba do 15.1.2026 (ne upoštevamo)";dh_depoziti.csv
7;Delavska hranilnica d.d.;Depozit 181-270 dni;100;500000.0;EUR;181;270.0;days;1.0;0.0;1.0;regular;pdf;https://www.dh.si/doc/tarifa-in-obrestne-mere/sklep-o-obrestnih-merah-veljavnost-15012026.pdf;2026-02-28;"scraped via PDF; posebna ponudba do 15.1.2026 (ne upoštevamo)";dh_depoziti.csv
7;Delavska hranilnica d.d.;Depozit 271-365 dni;100;500000.0;EUR;271;365.0;days;1.2;0.0;1.2;regular;pdf;https://www.dh.si/doc/tarifa-in-obrestne-mere/sklep-o-obrestnih-merah-veljavnost-15012026.pdf;2026-02-28;"scraped via PDF; posebna ponudba do 15.1.2026 (ne upoštevamo)";dh_depoziti.csv
7;Delavska hranilnica d.d.;Depozit 12-23M;100;500000.0;EUR;12;23.0;months;1.4;0.0;1.4;regular;pdf;https://www.dh.si/doc/tarifa-in-obrestne-mere/sklep-o-obrestnih-merah-veljavnost-15012026.pdf;2026-02-28;"scraped via PDF; posebna ponudba do 15.1.2026 (ne upoštevamo)";dh_depoziti.csv
7;Delavska hranilnica d.d.;Depozit 24-35M;100;500000.0;EUR;24;35.0;months;1.4;0.0;1.4;regular;pdf;https://www.dh.si/doc/tarifa-in-obrestne-mere/sklep-o-obrestnih-merah-veljavnost-15012026.pdf;2026-02-28;"scraped via PDF; posebna ponudba do 15.1.2026 (ne upoštevamo)";dh_depoziti.csv
7;Delavska hranilnica d.d.;Depozit 36-47M;100;500000.0;EUR;36;47.0;months;1.7;0.0;1.7;regular;pdf;https://www.dh.si/doc/tarifa-in-obrestne-mere/sklep-o-obrestnih-merah-veljavnost-15012026.pdf;2026-02-28;"scraped via PDF; posebna ponudba do 15.1.2026 (ne upoštevamo)";dh_depoziti.csv
7;Delavska hranilnica d.d.;Depozit 48-59M;100;500000.0;EUR;48;59.0;months;1.9;0.0;1.9;regular;pdf;https://www.dh.si/doc/tarifa-in-obrestne-mere/sklep-o-obrestnih-merah-veljavnost-15012026.pdf;2026-02-28;"scraped via PDF; posebna ponudba do 15.1.2026 (ne upoštevamo)";dh_depoziti.csv
7;Delavska hranilnica d.d.;Depozit 60M;100;500000.0;EUR;60;;months;2.2;0.0;2.2;regular;pdf;https://www.dh.si/doc/tarifa-in-obrestne-mere/sklep-o-obrestnih-merah-veljavnost-15012026.pdf;2026-02-28;"scraped via PDF; posebna ponudba do 15.1.2026 (ne upoštevamo)";dh_depoziti.csv
11;DBS d.d.;Depozit 31-60 dni;100;;EUR;31;60.0;days;0.7;0.0;0.7;regular;pdf;https://www.dbs.si/document-download/196-obrestne-mere-fizicne-osebe;2026-02-28;"scraped via pdfplumber; depoziti v DOMACI valuti (EUR)";dbs_depoziti.csv
11;DBS d.d.;Depozit 61-90 dni;100;;EUR;61;90.0;days;0.9;0.0;0.9;regular;pdf;https://www.dbs.si/document-download/196-obrestne-mere-fizicne-osebe;2026-02-28;"scraped via pdfplumber; depoziti v DOMACI valuti (EUR)";dbs_depoziti.csv
11;DBS d.d.;Depozit 91-180 dni;100;;EUR;91;180.0;days;1.0;0.0;1.0;regular;pdf;https://www.dbs.si/document-download/196-obrestne-mere-fizicne-osebe;2026-02-28;"scraped via pdfplumber; depoziti v DOMACI valuti (EUR)";dbs_depoziti.csv
11;DBS d.d.;Depozit 181-270 dni;100;;EUR;181;270.0;days;1.1;0.0;1.1;regular;pdf;https://www.dbs.si/document-download/196-obrestne-mere-fizicne-osebe;2026-02-28;"scraped via pdfplumber; depoziti v DOMACI valuti (EUR)";dbs_depoziti.csv
11;DBS d.d.;Depozit 271-365 dni;100;;EUR;271;365.0;days;1.2;0.0;1.2;regular;pdf;https://www.dbs.si/document-download/196-obrestne-mere-fizicne-osebe;2026-02-28;"scraped via pdfplumber; depoziti v DOMACI valuti (EUR)";dbs_depoziti.csv
11;DBS d.d.;Depozit 12-23M;100;;EUR;12;23.0;months;1.4;0.0;1.4;regular;pdf;https://www.dbs.si/document-download/196-obrestne-mere-fizicne-osebe;2026-02-28;"scraped via pdfplumber; depoziti v DOMACI valuti (EUR)";dbs_depoziti.csv
11;DBS d.d.;Depozit 24-35M;100;;EUR;24;35.0;months;1.7;0.0;1.7;regular;pdf;https://www.dbs.si/document-download/196-obrestne-mere-fizicne-osebe;2026-02-28;"scraped via pdfplumber; depoziti v DOMACI valuti (EUR)";dbs_depoziti.csv
11;DBS d.d.;Depozit 36-59M;100;;EUR;36;59.0;months;1.7;0.0;1.7;regular;pdf;https://www.dbs.si/document-download/196-obrestne-mere-fizicne-osebe;2026-02-28;"scraped via pdfplumber; depoziti v DOMACI valuti (EUR)";dbs_depoziti.csv
11;DBS d.d.;Depozit 60-360M;100;;EUR;60;360.0;months;1.7;0.0;1.7;regular;pdf;https://www.dbs.si/document-download/196-obrestne-mere-fizicne-osebe;2026-02-28;"scraped via pdfplumber; depoziti v DOMACI valuti (EUR)";dbs_depoziti.csv
9;Gorenjska banka d.d.;Depozit 31–60 dni;250;500000.0;EUR;31;60.0;days;0.4;0.0;0.4;regular;pdf;https://www.gbkr.si/wp-content/uploads/pdfs/obrestne-mere-za-depozite-za-prebivalstvo.pdf;2026-02-28;scraped via PDF;gbkr_depoziti.csv
9;Gorenjska banka d.d.;Depozit 61–90 dni;250;500000.0;EUR;61;90.0;days;0.4;0.0;0.4;regular;pdf;https://www.gbkr.si/wp-content/uploads/pdfs/obrestne-mere-za-depozite-za-prebivalstvo.pdf;2026-02-28;scraped via PDF;gbkr_depoziti.csv
9;Gorenjska banka d.d.;Depozit 91–180 dni;250;500000.0;EUR;91;180.0;days;0.6;0.0;0.6;regular;pdf;https://www.gbkr.si/wp-content/uploads/pdfs/obrestne-mere-za-depozite-za-prebivalstvo.pdf;2026-02-28;scraped via PDF;gbkr_depoziti.csv
9;Gorenjska banka d.d.;Depozit 181–270 dni;250;500000.0;EUR;181;270.0;days;0.9;0.0;0.9;regular;pdf;https://www.gbkr.si/wp-content/uploads/pdfs/obrestne-mere-za-depozite-za-prebivalstvo.pdf;2026-02-28;scraped via PDF;gbkr_depoziti.csv
9;Gorenjska banka d.d.;Depozit 271–365 dni;250;500000.0;EUR;271;365.0;days;0.9;0.0;0.9;regular;pdf;https://www.gbkr.si/wp-content/uploads/pdfs/obrestne-mere-za-depozite-za-prebivalstvo.pdf;2026-02-28;scraped via PDF;gbkr_depoziti.csv
9;Gorenjska banka d.d.;Depozit 13–23M;250;500000.0;EUR;13;23.0;months;1.2;0.0;1.2;regular;pdf;https://www.gbkr.si/wp-content/uploads/pdfs/obrestne-mere-za-depozite-za-prebivalstvo.pdf;2026-02-28;scraped via PDF;gbkr_depoziti.csv
9;Gorenjska banka d.d.;Depozit 24–35M;250;500000.0;EUR;24;35.0;months;1.3;0.0;1.3;regular;pdf;https://www.gbkr.si/wp-content/uploads/pdfs/obrestne-mere-za-depozite-za-prebivalstvo.pdf;2026-02-28;scraped via PDF;gbkr_depoziti.csv
9;Gorenjska banka d.d.;Depozit 13–23M;250;500000.0;EUR;13;23.0;months;1.9;0.0;1.9;regular;pdf;https://www.gbkr.si/wp-content/uploads/pdfs/obrestne-mere-za-depozite-za-prebivalstvo.pdf;2026-02-28;scraped via PDF;gbkr_depoziti.csv
9;Gorenjska banka d.d.;Depozit 24–35M;250;500000.0;EUR;24;35.0;months;1.7;0.0;1.7;regular;pdf;https://www.gbkr.si/wp-content/uploads/pdfs/obrestne-mere-za-depozite-za-prebivalstvo.pdf;2026-02-28;scraped via PDF;gbkr_depoziti.csv
9;Gorenjska banka d.d.;Depozit 13–23M;250;500000.0;EUR;13;23.0;months;2.1;0.0;2.1;regular;pdf;https://www.gbkr.si/wp-content/uploads/pdfs/obrestne-mere-za-depozite-za-prebivalstvo.pdf;2026-02-28;scraped via PDF;gbkr_depoziti.csv
9;Gorenjska banka d.d.;Depozit 24–35M;250;500000.0;EUR;24;35.0;months;2.0;0.0;2.0;regular;pdf;https://www.gbkr.si/wp-content/uploads/pdfs/obrestne-mere-za-depozite-za-prebivalstvo.pdf;2026-02-28;scraped via PDF;gbkr_depoziti.csv
9;Gorenjska banka d.d.;Depozit 13–23M;250;500000.0;EUR;13;23.0;months;2.3;0.0;2.3;regular;pdf;https://www.gbkr.si/wp-content/uploads/pdfs/obrestne-mere-za-depozite-za-prebivalstvo.pdf;2026-02-28;scraped via PDF;gbkr_depoziti.csv
9;Gorenjska banka d.d.;Depozit 24–35M;250;500000.0;EUR;24;35.0;months;2.2;0.0;2.2;regular;pdf;https://www.gbkr.si/wp-content/uploads/pdfs/obrestne-mere-za-depozite-za-prebivalstvo.pdf;2026-02-28;scraped via PDF;gbkr_depoziti.csv
3;Intesa Sanpaolo Bank;Depozit 1M;300;100000.0;EUR;1;1.0;months;0.01;0.0;0.01;regular;pdf;https://www.intesasanpaolobank.si/document/documents/ISPSLOVENIA/dokumenti-splosni/Obrestne-mere_varcevanja-in-depoziti.pdf;28/02/2026;redna ponudba;intesa_depoziti.csv
3;Intesa Sanpaolo Bank;Depozit 2M;300;100000.0;EUR;2;2.0;months;0.01;0.0;0.01;regular;pdf;https://www.intesasanpaolobank.si/document/documents/ISPSLOVENIA/dokumenti-splosni/Obrestne-mere_varcevanja-in-depoziti.pdf;28/02/2026;redna ponudba;intesa_depoziti.csv
3;Intesa Sanpaolo Bank;Depozit 3M;300;100000.0;EUR;3;3.0;months;0.01;0.0;0.01;regular;pdf;https://www.intesasanpaolobank.si/document/documents/ISPSLOVENIA/dokumenti-splosni/Obrestne-mere_varcevanja-in-depoziti.pdf;28/02/2026;redna ponudba;intesa_depoziti.csv
3;Intesa Sanpaolo Bank;Depozit 4M;300;100000.0;EUR;4;4.0;months;0.01;0.0;0.01;regular;pdf;https://www.intesasanpaolobank.si/document/documents/ISPSLOVENIA/dokumenti-splosni/Obrestne-mere_varcevanja-in-depoziti.pdf;28/02/2026;redna ponudba;intesa_depoziti.csv
3;Intesa Sanpaolo Bank;Depozit 5M;300;100000.0;EUR;5;5.0;months;0.01;0.0;0.01;regular;pdf;https://www.intesasanpaolobank.si/document/documents/ISPSLOVENIA/dokumenti-splosni/Obrestne-mere_varcevanja-in-depoziti.pdf;28/02/2026;redna ponudba;intesa_depoziti.csv
3;Intesa Sanpaolo Bank;Depozit 6M;300;50000.0;EUR;6;6.0;months;0.8;0.0;0.8;regular;pdf;https://www.intesasanpaolobank.si/document/documents/ISPSLOVENIA/dokumenti-splosni/Obrestne-mere_varcevanja-in-depoziti.pdf;28/02/2026;redna ponudba;intesa_depoziti.csv
3;Intesa Sanpaolo Bank;Depozit 6M;50000;100000.0;EUR;6;6.0;months;1.0;0.0;1.0;regular;pdf;https://www.intesasanpaolobank.si/document/documents/ISPSLOVENIA/dokumenti-splosni/Obrestne-mere_varcevanja-in-depoziti.pdf;28/02/2026;redna ponudba;intesa_depoziti.csv
3;Intesa Sanpaolo Bank;Depozit 7M;300;50000.0;EUR;7;7.0;months;0.8;0.0;0.8;regular;pdf;https://www.intesasanpaolobank.si/document/documents/ISPSLOVENIA/dokumenti-splosni/Obrestne-mere_varcevanja-in-depoziti.pdf;28/02/2026;redna ponudba;intesa_depoziti.csv
3;Intesa Sanpaolo Bank;Depozit 7M;50000;100000.0;EUR;7;7.0;months;1.0;0.0;1.0;regular;pdf;https://www.intesasanpaolobank.si/document/documents/ISPSLOVENIA/dokumenti-splosni/Obrestne-mere_varcevanja-in-depoziti.pdf;28/02/2026;redna ponudba;intesa_depoziti.csv
3;Intesa Sanpaolo Bank;Depozit 8M;300;50000.0;EUR;8;8.0;months;0.8;0.0;0.8;regular;pdf;https://www.intesasanpaolobank.si/document/documents/ISPSLOVENIA/dokumenti-splosni/Obrestne-mere_varcevanja-in-depoziti.pdf;28/02/2026;redna ponudba;intesa_depoziti.csv
3;Intesa Sanpaolo Bank;Depozit 8M;50000;100000.0;EUR;8;8.0;months;1.0;0.0;1.0;regular;pdf;https://www.intesasanpaolobank.si/document/documents/ISPSLOVENIA/dokumenti-splosni/Obrestne-mere_varcevanja-in-depoziti.pdf;28/02/2026;redna ponudba;intesa_depoziti.csv
3;Intesa Sanpaolo Bank;Depozit 9M;300;50000.0;EUR;9;9.0;months;0.8;0.0;0.8;regular;pdf;https://www.intesasanpaolobank.si/document/documents/ISPSLOVENIA/dokumenti-splosni/Obrestne-mere_varcevanja-in-depoziti.pdf;28/02/2026;redna ponudba;intesa_depoziti.csv
3;Intesa Sanpaolo Bank;Depozit 9M;50000;100000.0;EUR;9;9.0;months;1.0;0.0;1.0;regular;pdf;https://www.intesasanpaolobank.si/document/documents/ISPSLOVENIA/dokumenti-splosni/Obrestne-mere_varcevanja-in-depoziti.pdf;28/02/2026;redna ponudba;intesa_depoziti.csv
3;Intesa Sanpaolo Bank;Depozit 10M;300;50000.0;EUR;10;10.0;months;0.8;0.0;0.8;regular;pdf;https://www.intesasanpaolobank.si/document/documents/ISPSLOVENIA/dokumenti-splosni/Obrestne-mere_varcevanja-in-depoziti.pdf;28/02/2026;redna ponudba;intesa_depoziti.csv
3;Intesa Sanpaolo Bank;Depozit 10M;50000;100000.0;EUR;10;10.0;months;1.0;0.0;1.0;regular;pdf;https://www.intesasanpaolobank.si/document/documents/ISPSLOVENIA/dokumenti-splosni/Obrestne-mere_varcevanja-in-depoziti.pdf;28/02/2026;redna ponudba;intesa_depoziti.csv
3;Intesa Sanpaolo Bank;Depozit 11M;300;50000.0;EUR;11;11.0;months;0.8;0.0;0.8;regular;pdf;https://www.intesasanpaolobank.si/document/documents/ISPSLOVENIA/dokumenti-splosni/Obrestne-mere_varcevanja-in-depoziti.pdf;28/02/2026;redna ponudba;intesa_depoziti.csv
3;Intesa Sanpaolo Bank;Depozit 11M;50000;100000.0;EUR;11;11.0;months;1.0;0.0;1.0;regular;pdf;https://www.intesasanpaolobank.si/document/documents/ISPSLOVENIA/dokumenti-splosni/Obrestne-mere_varcevanja-in-depoziti.pdf;28/02/2026;redna ponudba;intesa_depoziti.csv
3;Intesa Sanpaolo Bank;Depozit 12M;300;50000.0;EUR;12;12.0;months;1.2;0.9000000000000001;2.1;regular;pdf;https://www.intesasanpaolobank.si/document/documents/ISPSLOVENIA/dokumenti-splosni/Obrestne-mere_varcevanja-in-depoziti.pdf;28/02/2026;redna ponudba;intesa_depoziti.csv
3;Intesa Sanpaolo Bank;POSEBNA PONUDBA - Depozit 12M;300;50000.0;EUR;12;12.0;months;2.1;0.0;2.1;special;pdf;https://www.intesasanpaolobank.si/document/documents/ISPSLOVENIA/dokumenti-splosni/Obrestne-mere_varcevanja-in-depoziti.pdf;28/02/2026;posebna ponudba;intesa_depoziti.csv
3;Intesa Sanpaolo Bank;Depozit 12M;50000;100000.0;EUR;12;12.0;months;1.4;0.7000000000000002;2.1;regular;pdf;https://www.intesasanpaolobank.si/document/documents/ISPSLOVENIA/dokumenti-splosni/Obrestne-mere_varcevanja-in-depoziti.pdf;28/02/2026;redna ponudba;intesa_depoziti.csv
3;Intesa Sanpaolo Bank;POSEBNA PONUDBA - Depozit 12M;50000;100000.0;EUR;12;12.0;months;2.1;0.0;2.1;special;pdf;https://www.intesasanpaolobank.si/document/documents/ISPSLOVENIA/dokumenti-splosni/Obrestne-mere_varcevanja-in-depoziti.pdf;28/02/2026;posebna ponudba;intesa_depoziti.csv
3;Intesa Sanpaolo Bank;Depozit 13M;300;50000.0;EUR;13;13.0;months;1.2;0.9000000000000001;2.1;regular;pdf;https://www.intesasanpaolobank.si/document/documents/ISPSLOVENIA/dokumenti-splosni/Obrestne-mere_varcevanja-in-depoziti.pdf;28/02/2026;redna ponudba;intesa_depoziti.csv
3;Intesa Sanpaolo Bank;POSEBNA PONUDBA - Depozit 13M;300;50000.0;EUR;13;13.0;months;2.1;0.0;2.1;special;pdf;https://www.intesasanpaolobank.si/document/documents/ISPSLOVENIA/dokumenti-splosni/Obrestne-mere_varcevanja-in-depoziti.pdf;28/02/2026;posebna ponudba;intesa_depoziti.csv
3;Intesa Sanpaolo Bank;Depozit 13M;50000;100000.0;EUR;13;13.0;months;1.4;0.7000000000000002;2.1;regular;pdf;https://www.intesasanpaolobank.si/document/documents/ISPSLOVENIA/dokumenti-splosni/Obrestne-mere_varcevanja-in-depoziti.pdf;28/02/2026;redna ponudba;intesa_depoziti.csv
3;Intesa Sanpaolo Bank;POSEBNA PONUDBA - Depozit 13M;50000;100000.0;EUR;13;13.0;months;2.1;0.0;2.1;special;pdf;https://www.intesasanpaolobank.si/document/documents/ISPSLOVENIA/dokumenti-splosni/Obrestne-mere_varcevanja-in-depoziti.pdf;28/02/2026;posebna ponudba;intesa_depoziti.csv
3;Intesa Sanpaolo Bank;Depozit 14M;300;50000.0;EUR;14;14.0;months;1.2;0.9000000000000001;2.1;regular;pdf;https://www.intesasanpaolobank.si/document/documents/ISPSLOVENIA/dokumenti-splosni/Obrestne-mere_varcevanja-in-depoziti.pdf;28/02/2026;redna ponudba;intesa_depoziti.csv
3;Intesa Sanpaolo Bank;POSEBNA PONUDBA - Depozit 14M;300;50000.0;EUR;14;14.0;months;2.1;0.0;2.1;special;pdf;https://www.intesasanpaolobank.si/document/documents/ISPSLOVENIA/dokumenti-splosni/Obrestne-mere_varcevanja-in-depoziti.pdf;28/02/2026;posebna ponudba;intesa_depoziti.csv
3;Intesa Sanpaolo Bank;Depozit 14M;50000;100000.0;EUR;14;14.0;months;1.4;0.7000000000000002;2.1;regular;pdf;https://www.intesasanpaolobank.si/document/documents/ISPSLOVENIA/dokumenti-splosni/Obrestne-mere_varcevanja-in-depoziti.pdf;28/02/2026;redna ponudba;intesa_depoziti.csv
3;Intesa Sanpaolo Bank;POSEBNA PONUDBA - Depozit 14M;50000;100000.0;EUR;14;14.0;months;2.1;0.0;2.1;special;pdf;https://www.intesasanpaolobank.si/document/documents/ISPSLOVENIA/dokumenti-splosni/Obrestne-mere_varcevanja-in-depoziti.pdf;28/02/2026;posebna ponudba;intesa_depoziti.csv
3;Intesa Sanpaolo Bank;Depozit 15M;300;50000.0;EUR;15;15.0;months;1.2;0.9000000000000001;2.1;regular;pdf;https://www.intesasanpaolobank.si/document/documents/ISPSLOVENIA/dokumenti-splosni/Obrestne-mere_varcevanja-in-depoziti.pdf;28/02/2026;redna ponudba;intesa_depoziti.csv
3;Intesa Sanpaolo Bank;POSEBNA PONUDBA - Depozit 15M;300;50000.0;EUR;15;15.0;months;2.1;0.0;2.1;special;pdf;https://www.intesasanpaolobank.si/document/documents/ISPSLOVENIA/dokumenti-splosni/Obrestne-mere_varcevanja-in-depoziti.pdf;28/02/2026;posebna ponudba;intesa_depoziti.csv
3;Intesa Sanpaolo Bank;Depozit 15M;50000;100000.0;EUR;15;15.0;months;1.4;0.7000000000000002;2.1;regular;pdf;https://www.intesasanpaolobank.si/document/documents/ISPSLOVENIA/dokumenti-splosni/Obrestne-mere_varcevanja-in-depoziti.pdf;28/02/2026;redna ponudba;intesa_depoziti.csv
3;Intesa Sanpaolo Bank;POSEBNA PONUDBA - Depozit 15M;50000;100000.0;EUR;15;15.0;months;2.1;0.0;2.1;special;pdf;https://www.intesasanpaolobank.si/document/documents/ISPSLOVENIA/dokumenti-splosni/Obrestne-mere_varcevanja-in-depoziti.pdf;28/02/2026;posebna ponudba;intesa_depoziti.csv
3;Intesa Sanpaolo Bank;Depozit 16M;300;50000.0;EUR;16;16.0;months;1.2;0.9000000000000001;2.1;regular;pdf;https://www.intesasanpaolobank.si/document/documents/ISPSLOVENIA/dokumenti-splosni/Obrestne-mere_varcevanja-in-depoziti.pdf;28/02/2026;redna ponudba;intesa_depoziti.csv
3;Intesa Sanpaolo Bank;POSEBNA PONUDBA - Depozit 16M;300;50000.0;EUR;16;16.0;months;2.1;0.0;2.1;special;pdf;https://www.intesasanpaolobank.si/document/documents/ISPSLOVENIA/dokumenti-splosni/Obrestne-mere_varcevanja-in-depoziti.pdf;28/02/2026;posebna ponudba;intesa_depoziti.csv
3;Intesa Sanpaolo Bank;Depozit 16M;50000;100000.0;EUR;16;16.0;months;1.4;0.7000000000000002;2.1;regular;pdf;https://www.intesasanpaolobank.si/document/documents/ISPSLOVENIA/dokumenti-splosni/Obrestne-mere_varcevanja-in-depoziti.pdf;28/02/2026;redna ponudba;intesa_depoziti.csv
3;Intesa Sanpaolo Bank;POSEBNA PONUDBA - Depozit 16M;50000;100000.0;EUR;16;16.0;months;2.1;0.0;2.1;special;pdf;https://www.intesasanpaolobank.si/document/documents/ISPSLOVENIA/dokumenti-splosni/Obrestne-mere_varcevanja-in-depoziti.pdf;28/02/2026;posebna ponudba;intesa_depoziti.csv
3;Intesa Sanpaolo Bank;Depozit 17M;300;50000.0;EUR;17;17.0;months;1.2;0.9000000000000001;2.1;regular;pdf;https://www.intesasanpaolobank.si/document/documents/ISPSLOVENIA/dokumenti-splosni/Obrestne-mere_varcevanja-in-depoziti.pdf;28/02/2026;redna ponudba;intesa_depoziti.csv
3;Intesa Sanpaolo Bank;POSEBNA PONUDBA - Depozit 17M;300;50000.0;EUR;17;17.0;months;2.1;0.0;2.1;special;pdf;https://www.intesasanpaolobank.si/document/documents/ISPSLOVENIA/dokumenti-splosni/Obrestne-mere_varcevanja-in-depoziti.pdf;28/02/2026;posebna ponudba;intesa_depoziti.csv
3;Intesa Sanpaolo Bank;Depozit 17M;50000;100000.0;EUR;17;17.0;months;1.4;0.7000000000000002;2.1;regular;pdf;https://www.intesasanpaolobank.si/document/documents/ISPSLOVENIA/dokumenti-splosni/Obrestne-mere_varcevanja-in-depoziti.pdf;28/02/2026;redna ponudba;intesa_depoziti.csv
3;Intesa Sanpaolo Bank;POSEBNA PONUDBA - Depozit 17M;50000;100000.0;EUR;17;17.0;months;2.1;0.0;2.1;special;pdf;https://www.intesasanpaolobank.si/document/documents/ISPSLOVENIA/dokumenti-splosni/Obrestne-mere_varcevanja-in-depoziti.pdf;28/02/2026;posebna ponudba;intesa_depoziti.csv
3;Intesa Sanpaolo Bank;Depozit 18M;300;50000.0;EUR;18;18.0;months;1.2;0.9000000000000001;2.1;regular;pdf;https://www.intesasanpaolobank.si/document/documents/ISPSLOVENIA/dokumenti-splosni/Obrestne-mere_varcevanja-in-depoziti.pdf;28/02/2026;redna ponudba;intesa_depoziti.csv
3;Intesa Sanpaolo Bank;POSEBNA PONUDBA - Depozit 18M;300;50000.0;EUR;18;18.0;months;2.1;0.0;2.1;special;pdf;https://www.intesasanpaolobank.si/document/documents/ISPSLOVENIA/dokumenti-splosni/Obrestne-mere_varcevanja-in-depoziti.pdf;28/02/2026;posebna ponudba;intesa_depoziti.csv
3;Intesa Sanpaolo Bank;Depozit 18M;50000;100000.0;EUR;18;18.0;months;1.4;0.7000000000000002;2.1;regular;pdf;https://www.intesasanpaolobank.si/document/documents/ISPSLOVENIA/dokumenti-splosni/Obrestne-mere_varcevanja-in-depoziti.pdf;28/02/2026;redna ponudba;intesa_depoziti.csv
3;Intesa Sanpaolo Bank;POSEBNA PONUDBA - Depozit 18M;50000;100000.0;EUR;18;18.0;months;2.1;0.0;2.1;special;pdf;https://www.intesasanpaolobank.si/document/documents/ISPSLOVENIA/dokumenti-splosni/Obrestne-mere_varcevanja-in-depoziti.pdf;28/02/2026;posebna ponudba;intesa_depoziti.csv
3;Intesa Sanpaolo Bank;Depozit 19M;300;50000.0;EUR;19;19.0;months;1.2;0.9000000000000001;2.1;regular;pdf;https://www.intesasanpaolobank.si/document/documents/ISPSLOVENIA/dokumenti-splosni/Obrestne-mere_varcevanja-in-depoziti.pdf;28/02/2026;redna ponudba;intesa_depoziti.csv
3;Intesa Sanpaolo Bank;POSEBNA PONUDBA - Depozit 19M;300;50000.0;EUR;19;19.0;months;2.1;0.0;2.1;special;pdf;https://www.intesasanpaolobank.si/document/documents/ISPSLOVENIA/dokumenti-splosni/Obrestne-mere_varcevanja-in-depoziti.pdf;28/02/2026;posebna ponudba;intesa_depoziti.csv
3;Intesa Sanpaolo Bank;Depozit 19M;50000;100000.0;EUR;19;19.0;months;1.4;0.7000000000000002;2.1;regular;pdf;https://www.intesasanpaolobank.si/document/documents/ISPSLOVENIA/dokumenti-splosni/Obrestne-mere_varcevanja-in-depoziti.pdf;28/02/2026;redna ponudba;intesa_depoziti.csv
3;Intesa Sanpaolo Bank;POSEBNA PONUDBA - Depozit 19M;50000;100000.0;EUR;19;19.0;months;2.1;0.0;2.1;special;pdf;https://www.intesasanpaolobank.si/document/documents/ISPSLOVENIA/dokumenti-splosni/Obrestne-mere_varcevanja-in-depoziti.pdf;28/02/2026;posebna ponudba;intesa_depoziti.csv
3;Intesa Sanpaolo Bank;Depozit 20M;300;50000.0;EUR;20;20.0;months;1.2;0.9000000000000001;2.1;regular;pdf;https://www.intesasanpaolobank.si/document/documents/ISPSLOVENIA/dokumenti-splosni/Obrestne-mere_varcevanja-in-depoziti.pdf;28/02/2026;redna ponudba;intesa_depoziti.csv
3;Intesa Sanpaolo Bank;POSEBNA PONUDBA - Depozit 20M;300;50000.0;EUR;20;20.0;months;2.1;0.0;2.1;special;pdf;https://www.intesasanpaolobank.si/document/documents/ISPSLOVENIA/dokumenti-splosni/Obrestne-mere_varcevanja-in-depoziti.pdf;28/02/2026;posebna ponudba;intesa_depoziti.csv
3;Intesa Sanpaolo Bank;Depozit 20M;50000;100000.0;EUR;20;20.0;months;1.4;0.7000000000000002;2.1;regular;pdf;https://www.intesasanpaolobank.si/document/documents/ISPSLOVENIA/dokumenti-splosni/Obrestne-mere_varcevanja-in-depoziti.pdf;28/02/2026;redna ponudba;intesa_depoziti.csv
3;Intesa Sanpaolo Bank;POSEBNA PONUDBA - Depozit 20M;50000;100000.0;EUR;20;20.0;months;2.1;0.0;2.1;special;pdf;https://www.intesasanpaolobank.si/document/documents/ISPSLOVENIA/dokumenti-splosni/Obrestne-mere_varcevanja-in-depoziti.pdf;28/02/2026;posebna ponudba;intesa_depoziti.csv
3;Intesa Sanpaolo Bank;Depozit 21M;300;50000.0;EUR;21;21.0;months;1.2;0.9000000000000001;2.1;regular;pdf;https://www.intesasanpaolobank.si/document/documents/ISPSLOVENIA/dokumenti-splosni/Obrestne-mere_varcevanja-in-depoziti.pdf;28/02/2026;redna ponudba;intesa_depoziti.csv
3;Intesa Sanpaolo Bank;POSEBNA PONUDBA - Depozit 21M;300;50000.0;EUR;21;21.0;months;2.1;0.0;2.1;special;pdf;https://www.intesasanpaolobank.si/document/documents/ISPSLOVENIA/dokumenti-splosni/Obrestne-mere_varcevanja-in-depoziti.pdf;28/02/2026;posebna ponudba;intesa_depoziti.csv
3;Intesa Sanpaolo Bank;Depozit 21M;50000;100000.0;EUR;21;21.0;months;1.4;0.7000000000000002;2.1;regular;pdf;https://www.intesasanpaolobank.si/document/documents/ISPSLOVENIA/dokumenti-splosni/Obrestne-mere_varcevanja-in-depoziti.pdf;28/02/2026;redna ponudba;intesa_depoziti.csv
3;Intesa Sanpaolo Bank;POSEBNA PONUDBA - Depozit 21M;50000;100000.0;EUR;21;21.0;months;2.1;0.0;2.1;special;pdf;https://www.intesasanpaolobank.si/document/documents/ISPSLOVENIA/dokumenti-splosni/Obrestne-mere_varcevanja-in-depoziti.pdf;28/02/2026;posebna ponudba;intesa_depoziti.csv
3;Intesa Sanpaolo Bank;Depozit 22M;300;50000.0;EUR;22;22.0;months;1.2;0.9000000000000001;2.1;regular;pdf;https://www.intesasanpaolobank.si/document/documents/ISPSLOVENIA/dokumenti-splosni/Obrestne-mere_varcevanja-in-depoziti.pdf;28/02/2026;redna ponudba;intesa_depoziti.csv
3;Intesa Sanpaolo Bank;POSEBNA PONUDBA - Depozit 22M;300;50000.0;EUR;22;22.0;months;2.1;0.0;2.1;special;pdf;https://www.intesasanpaolobank.si/document/documents/ISPSLOVENIA/dokumenti-splosni/Obrestne-mere_varcevanja-in-depoziti.pdf;28/02/2026;posebna ponudba;intesa_depoziti.csv
3;Intesa Sanpaolo Bank;Depozit 22M;50000;100000.0;EUR;22;22.0;months;1.4;0.7000000000000002;2.1;regular;pdf;https://www.intesasanpaolobank.si/document/documents/ISPSLOVENIA/dokumenti-splosni/Obrestne-mere_varcevanja-in-depoziti.pdf;28/02/2026;redna ponudba;intesa_depoziti.csv
3;Intesa Sanpaolo Bank;POSEBNA PONUDBA - Depozit 22M;50000;100000.0;EUR;22;22.0;months;2.1;0.0;2.1;special;pdf;https://www.intesasanpaolobank.si/document/documents/ISPSLOVENIA/dokumenti-splosni/Obrestne-mere_varcevanja-in-depoziti.pdf;28/02/2026;posebna ponudba;intesa_depoziti.csv
3;Intesa Sanpaolo Bank;Depozit 23M;300;50000.0;EUR;23;23.0;months;1.2;0.9000000000000001;2.1;regular;pdf;https://www.intesasanpaolobank.si/document/documents/ISPSLOVENIA/dokumenti-splosni/Obrestne-mere_varcevanja-in-depoziti.pdf;28/02/2026;redna ponudba;intesa_depoziti.csv
3;Intesa Sanpaolo Bank;POSEBNA PONUDBA - Depozit 23M;300;50000.0;EUR;23;23.0;months;2.1;0.0;2.1;special;pdf;https://www.intesasanpaolobank.si/document/documents/ISPSLOVENIA/dokumenti-splosni/Obrestne-mere_varcevanja-in-depoziti.pdf;28/02/2026;posebna ponudba;intesa_depoziti.csv
3;Intesa Sanpaolo Bank;Depozit 23M;50000;100000.0;EUR;23;23.0;months;1.4;0.7000000000000002;2.1;regular;pdf;https://www.intesasanpaolobank.si/document/documents/ISPSLOVENIA/dokumenti-splosni/Obrestne-mere_varcevanja-in-depoziti.pdf;28/02/2026;redna ponudba;intesa_depoziti.csv
3;Intesa Sanpaolo Bank;POSEBNA PONUDBA - Depozit 23M;50000;100000.0;EUR;23;23.0;months;2.1;0.0;2.1;special;pdf;https://www.intesasanpaolobank.si/document/documents/ISPSLOVENIA/dokumenti-splosni/Obrestne-mere_varcevanja-in-depoziti.pdf;28/02/2026;posebna ponudba;intesa_depoziti.csv
3;Intesa Sanpaolo Bank;Depozit 24M;300;50000.0;EUR;24;24.0;months;1.0;1.1;2.1;regular;pdf;https://www.intesasanpaolobank.si/document/documents/ISPSLOVENIA/dokumenti-splosni/Obrestne-mere_varcevanja-in-depoziti.pdf;28/02/2026;redna ponudba;intesa_depoziti.csv
3;Intesa Sanpaolo Bank;POSEBNA PONUDBA - Depozit 24M;300;50000.0;EUR;24;24.0;months;2.1;0.0;2.1;special;pdf;https://www.intesasanpaolobank.si/document/documents/ISPSLOVENIA/dokumenti-splosni/Obrestne-mere_varcevanja-in-depoziti.pdf;28/02/2026;posebna ponudba;intesa_depoziti.csv
3;Intesa Sanpaolo Bank;Depozit 24M;50000;100000.0;EUR;24;24.0;months;1.2;0.9000000000000001;2.1;regular;pdf;https://www.intesasanpaolobank.si/document/documents/ISPSLOVENIA/dokumenti-splosni/Obrestne-mere_varcevanja-in-depoziti.pdf;28/02/2026;redna ponudba;intesa_depoziti.csv
3;Intesa Sanpaolo Bank;POSEBNA PONUDBA - Depozit 24M;50000;100000.0;EUR;24;24.0;months;2.1;0.0;2.1;special;pdf;https://www.intesasanpaolobank.si/document/documents/ISPSLOVENIA/dokumenti-splosni/Obrestne-mere_varcevanja-in-depoziti.pdf;28/02/2026;posebna ponudba;intesa_depoziti.csv
3;Intesa Sanpaolo Bank;Depozit 25M;300;50000.0;EUR;25;25.0;months;1.0;1.1;2.1;regular;pdf;https://www.intesasanpaolobank.si/document/documents/ISPSLOVENIA/dokumenti-splosni/Obrestne-mere_varcevanja-in-depoziti.pdf;28/02/2026;redna ponudba;intesa_depoziti.csv
3;Intesa Sanpaolo Bank;POSEBNA PONUDBA - Depozit 25M;300;50000.0;EUR;25;25.0;months;2.1;0.0;2.1;special;pdf;https://www.intesasanpaolobank.si/document/documents/ISPSLOVENIA/dokumenti-splosni/Obrestne-mere_varcevanja-in-depoziti.pdf;28/02/2026;posebna ponudba;intesa_depoziti.csv
3;Intesa Sanpaolo Bank;Depozit 25M;50000;100000.0;EUR;25;25.0;months;1.2;0.9000000000000001;2.1;regular;pdf;https://www.intesasanpaolobank.si/document/documents/ISPSLOVENIA/dokumenti-splosni/Obrestne-mere_varcevanja-in-depoziti.pdf;28/02/2026;redna ponudba;intesa_depoziti.csv
3;Intesa Sanpaolo Bank;POSEBNA PONUDBA - Depozit 25M;50000;100000.0;EUR;25;25.0;months;2.1;0.0;2.1;special;pdf;https://www.intesasanpaolobank.si/document/documents/ISPSLOVENIA/dokumenti-splosni/Obrestne-mere_varcevanja-in-depoziti.pdf;28/02/2026;posebna ponudba;intesa_depoziti.csv
3;Intesa Sanpaolo Bank;Depozit 26M;300;50000.0;EUR;26;26.0;months;1.0;1.1;2.1;regular;pdf;https://www.intesasanpaolobank.si/document/documents/ISPSLOVENIA/dokumenti-splosni/Obrestne-mere_varcevanja-in-depoziti.pdf;28/02/2026;redna ponudba;intesa_depoziti.csv
3;Intesa Sanpaolo Bank;POSEBNA PONUDBA - Depozit 26M;300;50000.0;EUR;26;26.0;months;2.1;0.0;2.1;special;pdf;https://www.intesasanpaolobank.si/document/documents/ISPSLOVENIA/dokumenti-splosni/Obrestne-mere_varcevanja-in-depoziti.pdf;28/02/2026;posebna ponudba;intesa_depoziti.csv
3;Intesa Sanpaolo Bank;Depozit 26M;50000;100000.0;EUR;26;26.0;months;1.2;0.9000000000000001;2.1;regular;pdf;https://www.intesasanpaolobank.si/document/documents/ISPSLOVENIA/dokumenti-splosni/Obrestne-mere_varcevanja-in-depoziti.pdf;28/02/2026;redna ponudba;intesa_depoziti.csv
3;Intesa Sanpaolo Bank;POSEBNA PONUDBA - Depozit 26M;50000;100000.0;EUR;26;26.0;months;2.1;0.0;2.1;special;pdf;https://www.intesasanpaolobank.si/document/documents/ISPSLOVENIA/dokumenti-splosni/Obrestne-mere_varcevanja-in-depoziti.pdf;28/02/2026;posebna ponudba;intesa_depoziti.csv
3;Intesa Sanpaolo Bank;Depozit 27M;300;50000.0;EUR;27;27.0;months;1.0;1.1;2.1;regular;pdf;https://www.intesasanpaolobank.si/document/documents/ISPSLOVENIA/dokumenti-splosni/Obrestne-mere_varcevanja-in-depoziti.pdf;28/02/2026;redna ponudba;intesa_depoziti.csv
3;Intesa Sanpaolo Bank;POSEBNA PONUDBA - Depozit 27M;300;50000.0;EUR;27;27.0;months;2.1;0.0;2.1;special;pdf;https://www.intesasanpaolobank.si/document/documents/ISPSLOVENIA/dokumenti-splosni/Obrestne-mere_varcevanja-in-depoziti.pdf;28/02/2026;posebna ponudba;intesa_depoziti.csv
3;Intesa Sanpaolo Bank;Depozit 27M;50000;100000.0;EUR;27;27.0;months;1.2;0.9000000000000001;2.1;regular;pdf;https://www.intesasanpaolobank.si/document/documents/ISPSLOVENIA/dokumenti-splosni/Obrestne-mere_varcevanja-in-depoziti.pdf;28/02/2026;redna ponudba;intesa_depoziti.csv
3;Intesa Sanpaolo Bank;POSEBNA PONUDBA - Depozit 27M;50000;100000.0;EUR;27;27.0;months;2.1;0.0;2.1;special;pdf;https://www.intesasanpaolobank.si/document/documents/ISPSLOVENIA/dokumenti-splosni/Obrestne-mere_varcevanja-in-depoziti.pdf;28/02/2026;posebna ponudba;intesa_depoziti.csv
3;Intesa Sanpaolo Bank;Depozit 28M;300;50000.0;EUR;28;28.0;months;1.0;1.1;2.1;regular;pdf;https://www.intesasanpaolobank.si/document/documents/ISPSLOVENIA/dokumenti-splosni/Obrestne-mere_varcevanja-in-depoziti.pdf;28/02/2026;redna ponudba;intesa_depoziti.csv
3;Intesa Sanpaolo Bank;POSEBNA PONUDBA - Depozit 28M;300;50000.0;EUR;28;28.0;months;2.1;0.0;2.1;special;pdf;https://www.intesasanpaolobank.si/document/documents/ISPSLOVENIA/dokumenti-splosni/Obrestne-mere_varcevanja-in-depoziti.pdf;28/02/2026;posebna ponudba;intesa_depoziti.csv
3;Intesa Sanpaolo Bank;Depozit 28M;50000;100000.0;EUR;28;28.0;months;1.2;0.9000000000000001;2.1;regular;pdf;https://www.intesasanpaolobank.si/document/documents/ISPSLOVENIA/dokumenti-splosni/Obrestne-mere_varcevanja-in-depoziti.pdf;28/02/2026;redna ponudba;intesa_depoziti.csv
3;Intesa Sanpaolo Bank;POSEBNA PONUDBA - Depozit 28M;50000;100000.0;EUR;28;28.0;months;2.1;0.0;2.1;special;pdf;https://www.intesasanpaolobank.si/document/documents/ISPSLOVENIA/dokumenti-splosni/Obrestne-mere_varcevanja-in-depoziti.pdf;28/02/2026;posebna ponudba;intesa_depoziti.csv
3;Intesa Sanpaolo Bank;Depozit 29M;300;50000.0;EUR;29;29.0;months;1.0;1.1;2.1;regular;pdf;https://www.intesasanpaolobank.si/document/documents/ISPSLOVENIA/dokumenti-splosni/Obrestne-mere_varcevanja-in-depoziti.pdf;28/02/2026;redna ponudba;intesa_depoziti.csv
3;Intesa Sanpaolo Bank;POSEBNA PONUDBA - Depozit 29M;300;50000.0;EUR;29;29.0;months;2.1;0.0;2.1;special;pdf;https://www.intesasanpaolobank.si/document/documents/ISPSLOVENIA/dokumenti-splosni/Obrestne-mere_varcevanja-in-depoziti.pdf;28/02/2026;posebna ponudba;intesa_depoziti.csv
3;Intesa Sanpaolo Bank;Depozit 29M;50000;100000.0;EUR;29;29.0;months;1.2;0.9000000000000001;2.1;regular;pdf;https://www.intesasanpaolobank.si/document/documents/ISPSLOVENIA/dokumenti-splosni/Obrestne-mere_varcevanja-in-depoziti.pdf;28/02/2026;redna ponudba;intesa_depoziti.csv
3;Intesa Sanpaolo Bank;POSEBNA PONUDBA - Depozit 29M;50000;100000.0;EUR;29;29.0;months;2.1;0.0;2.1;special;pdf;https://www.intesasanpaolobank.si/document/documents/ISPSLOVENIA/dokumenti-splosni/Obrestne-mere_varcevanja-in-depoziti.pdf;28/02/2026;posebna ponudba;intesa_depoziti.csv
3;Intesa Sanpaolo Bank;Depozit 30M;300;50000.0;EUR;30;30.0;months;1.0;1.1;2.1;regular;pdf;https://www.intesasanpaolobank.si/document/documents/ISPSLOVENIA/dokumenti-splosni/Obrestne-mere_varcevanja-in-depoziti.pdf;28/02/2026;redna ponudba;intesa_depoziti.csv
3;Intesa Sanpaolo Bank;POSEBNA PONUDBA - Depozit 30M;300;50000.0;EUR;30;30.0;months;2.1;0.0;2.1;special;pdf;https://www.intesasanpaolobank.si/document/documents/ISPSLOVENIA/dokumenti-splosni/Obrestne-mere_varcevanja-in-depoziti.pdf;28/02/2026;posebna ponudba;intesa_depoziti.csv
3;Intesa Sanpaolo Bank;Depozit 30M;50000;100000.0;EUR;30;30.0;months;1.2;0.9000000000000001;2.1;regular;pdf;https://www.intesasanpaolobank.si/document/documents/ISPSLOVENIA/dokumenti-splosni/Obrestne-mere_varcevanja-in-depoziti.pdf;28/02/2026;redna ponudba;intesa_depoziti.csv
3;Intesa Sanpaolo Bank;POSEBNA PONUDBA - Depozit 30M;50000;100000.0;EUR;30;30.0;months;2.1;0.0;2.1;special;pdf;https://www.intesasanpaolobank.si/document/documents/ISPSLOVENIA/dokumenti-splosni/Obrestne-mere_varcevanja-in-depoziti.pdf;28/02/2026;posebna ponudba;intesa_depoziti.csv
3;Intesa Sanpaolo Bank;Depozit 31M;300;50000.0;EUR;31;31.0;months;1.0;1.1;2.1;regular;pdf;https://www.intesasanpaolobank.si/document/documents/ISPSLOVENIA/dokumenti-splosni/Obrestne-mere_varcevanja-in-depoziti.pdf;28/02/2026;redna ponudba;intesa_depoziti.csv
3;Intesa Sanpaolo Bank;POSEBNA PONUDBA - Depozit 31M;300;50000.0;EUR;31;31.0;months;2.1;0.0;2.1;special;pdf;https://www.intesasanpaolobank.si/document/documents/ISPSLOVENIA/dokumenti-splosni/Obrestne-mere_varcevanja-in-depoziti.pdf;28/02/2026;posebna ponudba;intesa_depoziti.csv
3;Intesa Sanpaolo Bank;Depozit 31M;50000;100000.0;EUR;31;31.0;months;1.2;0.9000000000000001;2.1;regular;pdf;https://www.intesasanpaolobank.si/document/documents/ISPSLOVENIA/dokumenti-splosni/Obrestne-mere_varcevanja-in-depoziti.pdf;28/02/2026;redna ponudba;intesa_depoziti.csv
3;Intesa Sanpaolo Bank;POSEBNA PONUDBA - Depozit 31M;50000;100000.0;EUR;31;31.0;months;2.1;0.0;2.1;special;pdf;https://www.intesasanpaolobank.si/document/documents/ISPSLOVENIA/dokumenti-splosni/Obrestne-mere_varcevanja-in-depoziti.pdf;28/02/2026;posebna ponudba;intesa_depoziti.csv
3;Intesa Sanpaolo Bank;Depozit 32M;300;50000.0;EUR;32;32.0;months;1.0;1.1;2.1;regular;pdf;https://www.intesasanpaolobank.si/document/documents/ISPSLOVENIA/dokumenti-splosni/Obrestne-mere_varcevanja-in-depoziti.pdf;28/02/2026;redna ponudba;intesa_depoziti.csv
3;Intesa Sanpaolo Bank;POSEBNA PONUDBA - Depozit 32M;300;50000.0;EUR;32;32.0;months;2.1;0.0;2.1;special;pdf;https://www.intesasanpaolobank.si/document/documents/ISPSLOVENIA/dokumenti-splosni/Obrestne-mere_varcevanja-in-depoziti.pdf;28/02/2026;posebna ponudba;intesa_depoziti.csv
3;Intesa Sanpaolo Bank;Depozit 32M;50000;100000.0;EUR;32;32.0;months;1.2;0.9000000000000001;2.1;regular;pdf;https://www.intesasanpaolobank.si/document/documents/ISPSLOVENIA/dokumenti-splosni/Obrestne-mere_varcevanja-in-depoziti.pdf;28/02/2026;redna ponudba;intesa_depoziti.csv
3;Intesa Sanpaolo Bank;POSEBNA PONUDBA - Depozit 32M;50000;100000.0;EUR;32;32.0;months;2.1;0.0;2.1;special;pdf;https://www.intesasanpaolobank.si/document/documents/ISPSLOVENIA/dokumenti-splosni/Obrestne-mere_varcevanja-in-depoziti.pdf;28/02/2026;posebna ponudba;intesa_depoziti.csv
3;Intesa Sanpaolo Bank;Depozit 33M;300;50000.0;EUR;33;33.0;months;1.0;1.1;2.1;regular;pdf;https://www.intesasanpaolobank.si/document/documents/ISPSLOVENIA/dokumenti-splosni/Obrestne-mere_varcevanja-in-depoziti.pdf;28/02/2026;redna ponudba;intesa_depoziti.csv
3;Intesa Sanpaolo Bank;POSEBNA PONUDBA - Depozit 33M;300;50000.0;EUR;33;33.0;months;2.1;0.0;2.1;special;pdf;https://www.intesasanpaolobank.si/document/documents/ISPSLOVENIA/dokumenti-splosni/Obrestne-mere_varcevanja-in-depoziti.pdf;28/02/2026;posebna ponudba;intesa_depoziti.csv
3;Intesa Sanpaolo Bank;Depozit 33M;50000;100000.0;EUR;33;33.0;months;1.2;0.9000000000000001;2.1;regular;pdf;https://www.intesasanpaolobank.si/document/documents/ISPSLOVENIA/dokumenti-splosni/Obrestne-mere_varcevanja-in-depoziti.pdf;28/02/2026;redna ponudba;intesa_depoziti.csv
3;Intesa Sanpaolo Bank;POSEBNA PONUDBA - Depozit 33M;50000;100000.0;EUR;33;33.0;months;2.1;0.0;2.1;special;pdf;https://www.intesasanpaolobank.si/document/documents/ISPSLOVENIA/dokumenti-splosni/Obrestne-mere_varcevanja-in-depoziti.pdf;28/02/2026;posebna ponudba;intesa_depoziti.csv
3;Intesa Sanpaolo Bank;Depozit 34M;300;50000.0;EUR;34;34.0;months;1.0;1.1;2.1;regular;pdf;https://www.intesasanpaolobank.si/document/documents/ISPSLOVENIA/dokumenti-splosni/Obrestne-mere_varcevanja-in-depoziti.pdf;28/02/2026;redna ponudba;intesa_depoziti.csv
3;Intesa Sanpaolo Bank;POSEBNA PONUDBA - Depozit 34M;300;50000.0;EUR;34;34.0;months;2.1;0.0;2.1;special;pdf;https://www.intesasanpaolobank.si/document/documents/ISPSLOVENIA/dokumenti-splosni/Obrestne-mere_varcevanja-in-depoziti.pdf;28/02/2026;posebna ponudba;intesa_depoziti.csv
3;Intesa Sanpaolo Bank;Depozit 34M;50000;100000.0;EUR;34;34.0;months;1.2;0.9000000000000001;2.1;regular;pdf;https://www.intesasanpaolobank.si/document/documents/ISPSLOVENIA/dokumenti-splosni/Obrestne-mere_varcevanja-in-depoziti.pdf;28/02/2026;redna ponudba;intesa_depoziti.csv
3;Intesa Sanpaolo Bank;POSEBNA PONUDBA - Depozit 34M;50000;100000.0;EUR;34;34.0;months;2.1;0.0;2.1;special;pdf;https://www.intesasanpaolobank.si/document/documents/ISPSLOVENIA/dokumenti-splosni/Obrestne-mere_varcevanja-in-depoziti.pdf;28/02/2026;posebna ponudba;intesa_depoziti.csv
3;Intesa Sanpaolo Bank;Depozit 35M;300;50000.0;EUR;35;35.0;months;1.0;1.1;2.1;regular;pdf;https://www.intesasanpaolobank.si/document/documents/ISPSLOVENIA/dokumenti-splosni/Obrestne-mere_varcevanja-in-depoziti.pdf;28/02/2026;redna ponudba;intesa_depoziti.csv
3;Intesa Sanpaolo Bank;POSEBNA PONUDBA - Depozit 35M;300;50000.0;EUR;35;35.0;months;2.1;0.0;2.1;special;pdf;https://www.intesasanpaolobank.si/document/documents/ISPSLOVENIA/dokumenti-splosni/Obrestne-mere_varcevanja-in-depoziti.pdf;28/02/2026;posebna ponudba;intesa_depoziti.csv
3;Intesa Sanpaolo Bank;Depozit 35M;50000;100000.0;EUR;35;35.0;months;1.2;0.9000000000000001;2.1;regular;pdf;https://www.intesasanpaolobank.si/document/documents/ISPSLOVENIA/dokumenti-splosni/Obrestne-mere_varcevanja-in-depoziti.pdf;28/02/2026;redna ponudba;intesa_depoziti.csv
3;Intesa Sanpaolo Bank;POSEBNA PONUDBA - Depozit 35M;50000;100000.0;EUR;35;35.0;months;2.1;0.0;2.1;special;pdf;https://www.intesasanpaolobank.si/document/documents/ISPSLOVENIA/dokumenti-splosni/Obrestne-mere_varcevanja-in-depoziti.pdf;28/02/2026;posebna ponudba;intesa_depoziti.csv
3;Intesa Sanpaolo Bank;Depozit 36M;300;50000.0;EUR;36;36.0;months;1.0;1.1;2.1;regular;pdf;https://www.intesasanpaolobank.si/document/documents/ISPSLOVENIA/dokumenti-splosni/Obrestne-mere_varcevanja-in-depoziti.pdf;28/02/2026;redna ponudba;intesa_depoziti.csv
3;Intesa Sanpaolo Bank;POSEBNA PONUDBA - Depozit 36M;300;50000.0;EUR;36;36.0;months;2.1;0.0;2.1;special;pdf;https://www.intesasanpaolobank.si/document/documents/ISPSLOVENIA/dokumenti-splosni/Obrestne-mere_varcevanja-in-depoziti.pdf;28/02/2026;posebna ponudba;intesa_depoziti.csv
3;Intesa Sanpaolo Bank;Depozit 36M;50000;100000.0;EUR;36;36.0;months;1.2;0.9000000000000001;2.1;regular;pdf;https://www.intesasanpaolobank.si/document/documents/ISPSLOVENIA/dokumenti-splosni/Obrestne-mere_varcevanja-in-depoziti.pdf;28/02/2026;redna ponudba;intesa_depoziti.csv
3;Intesa Sanpaolo Bank;POSEBNA PONUDBA - Depozit 36M;50000;100000.0;EUR;36;36.0;months;2.1;0.0;2.1;special;pdf;https://www.intesasanpaolobank.si/document/documents/ISPSLOVENIA/dokumenti-splosni/Obrestne-mere_varcevanja-in-depoziti.pdf;28/02/2026;posebna ponudba;intesa_depoziti.csv
10;LON d.d.;Depozit 12M–24M;200;;EUR;12;24.0;months;1.45;0.0;1.45;regular;pdf;https://www.lon.si/sites/default/files/lbobrestne_mere_fo-letak-1-2026.pdf;2026-02-28;"klasični depozit; linearno obrestovanje; predčasna razvezava ni možna";lon_depoziti.csv
10;LON d.d.;Depozit 1M–3M;200;;EUR;1;3.0;months;0.6;0.0;0.6;regular;pdf;https://www.lon.si/sites/default/files/lbobrestne_mere_fo-letak-1-2026.pdf;2026-02-28;"klasični depozit; linearno obrestovanje; predčasna razvezava ni možna";lon_depoziti.csv
10;LON d.d.;Depozit 3M–6M;200;;EUR;3;6.0;months;0.8;0.0;0.8;regular;pdf;https://www.lon.si/sites/default/files/lbobrestne_mere_fo-letak-1-2026.pdf;2026-02-28;"klasični depozit; linearno obrestovanje; predčasna razvezava ni možna";lon_depoziti.csv
10;LON d.d.;Depozit 6M–12M;200;;EUR;6;12.0;months;1.45;0.0;1.45;regular;pdf;https://www.lon.si/sites/default/files/lbobrestne_mere_fo-letak-1-2026.pdf;2026-02-28;"klasični depozit; linearno obrestovanje; predčasna razvezava ni možna";lon_depoziti.csv
10;LON d.d.;Depozit 24M–36M;200;;EUR;24;36.0;months;1.45;0.0;1.45;regular;pdf;https://www.lon.si/sites/default/files/lbobrestne_mere_fo-letak-1-2026.pdf;2026-02-28;"klasični depozit; linearno obrestovanje; predčasna razvezava ni možna";lon_depoziti.csv
10;LON d.d.;Depozit 36M–60M;200;;EUR;36;60.0;months;1.45;0.0;1.45;regular;pdf;https://www.lon.si/sites/default/files/lbobrestne_mere_fo-letak-1-2026.pdf;2026-02-28;"klasični depozit; linearno obrestovanje; predčasna razvezava ni možna";lon_depoziti.csv
10;LON d.d.;Depozit 60M+;200;;EUR;60;;months;1.45;0.0;1.45;regular;pdf;https://www.lon.si/sites/default/files/lbobrestne_mere_fo-letak-1-2026.pdf;2026-02-28;"klasični depozit; linearno obrestovanje; predčasna razvezava ni možna";lon_depoziti.csv
1;NLB d.d.;Depozit 31-365 dni;1500;250000.0;EUR;31;365.0;days;0.45;0.1;0.55;regular;pdf;https://www.nlb.si/content/dam/nlb/pdf-files/osebne-finance/varcevanja-in-nalozbe/NLB-Depoziti-in-varcevanja-obrestne-mere-in-tarifa-za-prebivalstvo.pdf;2026-02-28;scraped via PDF;nlb_depoziti.csv
1;NLB d.d.;Depozit 13-24 M;1500;250000.0;EUR;13;24.0;months;1.2;0.1;1.3;regular;pdf;https://www.nlb.si/content/dam/nlb/pdf-files/osebne-finance/varcevanja-in-nalozbe/NLB-Depoziti-in-varcevanja-obrestne-mere-in-tarifa-za-prebivalstvo.pdf;2026-02-28;scraped via PDF;nlb_depoziti.csv
1;NLB d.d.;Depozit 25-60 M;1500;250000.0;EUR;25;60.0;months;0.7;0.1;0.8;regular;pdf;https://www.nlb.si/content/dam/nlb/pdf-files/osebne-finance/varcevanja-in-nalozbe/NLB-Depoziti-in-varcevanja-obrestne-mere-in-tarifa-za-prebivalstvo.pdf;2026-02-28;scraped via PDF;nlb_depoziti.csv
2;OTP banka;Depozit 8-14 dni;500;15000.0;EUR;8;14.0;days;0.01;0.0;0.01;regular;web;https://www.otpbanka.si/obrestne-mere-kratkorocni-depozit;2026-02-28;scraped via Playwright;otp_depoziti.csv
2;OTP banka;Depozit 8-14 dni;15000;50000.0;EUR;8;14.0;days;0.01;0.0;0.01;regular;web;https://www.otpbanka.si/obrestne-mere-kratkorocni-depozit;2026-02-28;scraped via Playwright;otp_depoziti.csv
2;OTP banka;Depozit 8-14 dni;50000;;EUR;8;14.0;days;0.01;0.0;0.01;regular;web;https://www.otpbanka.si/obrestne-mere-kratkorocni-depozit;2026-02-28;scraped via Playwright;otp_depoziti.csv
2;OTP banka;Depozit 15-30 dni;500;15000.0;EUR;15;30.0;days;0.01;0.0;0.01;regular;web;https://www.otpbanka.si/obrestne-mere-kratkorocni-depozit;2026-02-28;scraped via Playwright;otp_depoziti.csv
2;OTP banka;Depozit 15-30 dni;15000;50000.0;EUR;15;30.0;days;0.01;0.0;0.01;regular;web;https://www.otpbanka.si/obrestne-mere-kratkorocni-depozit;2026-02-28;scraped via Playwright;otp_depoziti.csv
2;OTP banka;Depozit 15-30 dni;50000;;EUR;15;30.0;days;0.01;0.0;0.01;regular;web;https://www.otpbanka.si/obrestne-mere-kratkorocni-depozit;2026-02-28;scraped via Playwright;otp_depoziti.csv
2;OTP banka;Depozit 31-90 dni;500;15000.0;EUR;31;90.0;days;0.01;0.0;0.01;regular;web;https://www.otpbanka.si/obrestne-mere-kratkorocni-depozit;2026-02-28;scraped via Playwright;otp_depoziti.csv
2;OTP banka;Depozit 31-90 dni;15000;50000.0;EUR;31;90.0;days;0.01;0.0;0.01;regular;web;https://www.otpbanka.si/obrestne-mere-kratkorocni-depozit;2026-02-28;scraped via Playwright;otp_depoziti.csv
2;OTP banka;Depozit 31-90 dni;50000;;EUR;31;90.0;days;0.01;0.0;0.01;regular;web;https://www.otpbanka.si/obrestne-mere-kratkorocni-depozit;2026-02-28;scraped via Playwright;otp_depoziti.csv
2;OTP banka;Depozit 91-180 dni;500;15000.0;EUR;91;180.0;days;0.5;0.0;0.5;regular;web;https://www.otpbanka.si/obrestne-mere-kratkorocni-depozit;2026-02-28;scraped via Playwright;otp_depoziti.csv
2;OTP banka;Depozit 91-180 dni;15000;50000.0;EUR;91;180.0;days;0.5;0.0;0.5;regular;web;https://www.otpbanka.si/obrestne-mere-kratkorocni-depozit;2026-02-28;scraped via Playwright;otp_depoziti.csv
2;OTP banka;Depozit 91-180 dni;50000;;EUR;91;180.0;days;0.5;0.0;0.5;regular;web;https://www.otpbanka.si/obrestne-mere-kratkorocni-depozit;2026-02-28;scraped via Playwright;otp_depoziti.csv
2;OTP banka;Depozit 181-365 dni;500;15000.0;EUR;181;365.0;days;0.75;0.0;0.75;regular;web;https://www.otpbanka.si/obrestne-mere-kratkorocni-depozit;2026-02-28;scraped via Playwright;otp_depoziti.csv
2;OTP banka;Depozit 181-365 dni;15000;50000.0;EUR;181;365.0;days;0.75;0.0;0.75;regular;web;https://www.otpbanka.si/obrestne-mere-kratkorocni-depozit;2026-02-28;scraped via Playwright;otp_depoziti.csv
2;OTP banka;Depozit 181-365 dni;50000;;EUR;181;365.0;days;0.75;0.0;0.75;regular;web;https://www.otpbanka.si/obrestne-mere-kratkorocni-depozit;2026-02-28;scraped via Playwright;otp_depoziti.csv
2;OTP banka;POSEBNA PONUDBA - Depozit 12M;500;50000.0;EUR;12;12.0;months;1.5;0.0;1.5;special;web;https://www.otpbanka.si/obrestne-mere-dolgorocni-depoziti-s-fiksno-obrestno-mero-posebna-ponudba;2026-02-28;"scraped via Playwright; posebna ponudba";otp_depoziti.csv
2;OTP banka;POSEBNA PONUDBA - Depozit 12M;50000;100000.0;EUR;12;12.0;months;1.5;0.0;1.5;special;web;https://www.otpbanka.si/obrestne-mere-dolgorocni-depoziti-s-fiksno-obrestno-mero-posebna-ponudba;2026-02-28;"scraped via Playwright; posebna ponudba";otp_depoziti.csv
2;OTP banka;POSEBNA PONUDBA - Depozit 12M;100000;;EUR;12;12.0;months;1.5;0.0;1.5;special;web;https://www.otpbanka.si/obrestne-mere-dolgorocni-depoziti-s-fiksno-obrestno-mero-posebna-ponudba;2026-02-28;"scraped via Playwright; posebna ponudba";otp_depoziti.csv
5;Sparkasse;Depozit 31-60 days;500;;EUR;31;60.0;days;0.6;0.0999999999999999;0.7;regular;web;https://www.sparkasse.si/sl/prebivalstvo/ceniki-in-obrestne-mere/varcevanja;2026-02-28;scraped from Sparkasse GEM JSON tabela;sparkasse_depoziti.csv
5;Sparkasse;Depozit 61-90 days;500;;EUR;61;90.0;days;0.6;0.0999999999999999;0.7;regular;web;https://www.sparkasse.si/sl/prebivalstvo/ceniki-in-obrestne-mere/varcevanja;2026-02-28;scraped from Sparkasse GEM JSON tabela;sparkasse_depoziti.csv
5;Sparkasse;Depozit 91-120 days;500;;EUR;91;120.0;days;0.9;0.0999999999999999;1.0;regular;web;https://www.sparkasse.si/sl/prebivalstvo/ceniki-in-obrestne-mere/varcevanja;2026-02-28;scraped from Sparkasse GEM JSON tabela;sparkasse_depoziti.csv
5;Sparkasse;Depozit 121-150 days;500;;EUR;121;150.0;days;0.9;0.0999999999999999;1.0;regular;web;https://www.sparkasse.si/sl/prebivalstvo/ceniki-in-obrestne-mere/varcevanja;2026-02-28;scraped from Sparkasse GEM JSON tabela;sparkasse_depoziti.csv
5;Sparkasse;Depozit 151-180 days;500;;EUR;151;180.0;days;0.9;0.0999999999999999;1.0;regular;web;https://www.sparkasse.si/sl/prebivalstvo/ceniki-in-obrestne-mere/varcevanja;2026-02-28;scraped from Sparkasse GEM JSON tabela;sparkasse_depoziti.csv
5;Sparkasse;Depozit 181-210 days;500;;EUR;181;210.0;days;1.1;0.0999999999999998;1.2;regular;web;https://www.sparkasse.si/sl/prebivalstvo/ceniki-in-obrestne-mere/varcevanja;2026-02-28;scraped from Sparkasse GEM JSON tabela;sparkasse_depoziti.csv
5;Sparkasse;Depozit 211-240 days;500;;EUR;211;240.0;days;1.1;0.0999999999999998;1.2;regular;web;https://www.sparkasse.si/sl/prebivalstvo/ceniki-in-obrestne-mere/varcevanja;2026-02-28;scraped from Sparkasse GEM JSON tabela;sparkasse_depoziti.csv
5;Sparkasse;Depozit 241-270 days;500;;EUR;241;270.0;days;1.1;0.0999999999999998;1.2;regular;web;https://www.sparkasse.si/sl/prebivalstvo/ceniki-in-obrestne-mere/varcevanja;2026-02-28;scraped from Sparkasse GEM JSON tabela;sparkasse_depoziti.csv
5;Sparkasse;Depozit 271-300 days;500;;EUR;271;300.0;days;1.1;0.0999999999999998;1.2;regular;web;https://www.sparkasse.si/sl/prebivalstvo/ceniki-in-obrestne-mere/varcevanja;2026-02-28;scraped from Sparkasse GEM JSON tabela;sparkasse_depoziti.csv
5;Sparkasse;Depozit 301-330 days;500;;EUR;301;330.0;days;1.1;0.0999999999999998;1.2;regular;web;https://www.sparkasse.si/sl/prebivalstvo/ceniki-in-obrestne-mere/varcevanja;2026-02-28;scraped from Sparkasse GEM JSON tabela;sparkasse_depoziti.csv
5;Sparkasse;Depozit 331-365 days;500;;EUR;331;365.0;days;1.1;0.0999999999999998;1.2;regular;web;https://www.sparkasse.si/sl/prebivalstvo/ceniki-in-obrestne-mere/varcevanja;2026-02-28;scraped from Sparkasse GEM JSON tabela;sparkasse_depoziti.csv
5;Sparkasse;Depozit 12-14 months;500;;EUR;12;14.0;months;1.45;0.1;1.55;regular;web;https://www.sparkasse.si/sl/prebivalstvo/ceniki-in-obrestne-mere/varcevanja;2026-02-28;scraped from Sparkasse GEM JSON tabela;sparkasse_depoziti.csv
5;Sparkasse;Depozit 14-17 months;500;;EUR;14;17.0;months;1.45;0.1;1.55;regular;web;https://www.sparkasse.si/sl/prebivalstvo/ceniki-in-obrestne-mere/varcevanja;2026-02-28;scraped from Sparkasse GEM JSON tabela;sparkasse_depoziti.csv
5;Sparkasse;Depozit 17-20 months;500;;EUR;17;20.0;months;1.45;0.1;1.55;regular;web;https://www.sparkasse.si/sl/prebivalstvo/ceniki-in-obrestne-mere/varcevanja;2026-02-28;scraped from Sparkasse GEM JSON tabela;sparkasse_depoziti.csv
5;Sparkasse;Depozit 20-23 months;500;;EUR;20;23.0;months;1.45;0.1;1.55;regular;web;https://www.sparkasse.si/sl/prebivalstvo/ceniki-in-obrestne-mere/varcevanja;2026-02-28;scraped from Sparkasse GEM JSON tabela;sparkasse_depoziti.csv
5;Sparkasse;Depozit 23-35 months;500;;EUR;23;35.0;months;1.7;0.1;1.8;regular;web;https://www.sparkasse.si/sl/prebivalstvo/ceniki-in-obrestne-mere/varcevanja;2026-02-28;scraped from Sparkasse GEM JSON tabela;sparkasse_depoziti.csv
5;Sparkasse;Depozit 35-47 months;500;;EUR;35;47.0;months;1.7;0.1;1.8;regular;web;https://www.sparkasse.si/sl/prebivalstvo/ceniki-in-obrestne-mere/varcevanja;2026-02-28;scraped from Sparkasse GEM JSON tabela;sparkasse_depoziti.csv
5;Sparkasse;Depozit 47-59 months;500;;EUR;47;59.0;months;1.7;0.1;1.8;regular;web;https://www.sparkasse.si/sl/prebivalstvo/ceniki-in-obrestne-mere/varcevanja;2026-02-28;scraped from Sparkasse GEM JSON tabela;sparkasse_depoziti.csv
5;Sparkasse;Depozit 59+ months;500;;EUR;59;;months;1.7;0.1;1.8;regular;web;https://www.sparkasse.si/sl/prebivalstvo/ceniki-in-obrestne-mere/varcevanja;2026-02-28;scraped from Sparkasse GEM JSON tabela;sparkasse_depoziti.csv
6;UniCredit Banka Slovenija d.d.;Depozit 31–90D;500;100000.0;EUR;31;90.0;days;0.7;0.1;0.8;regular;pdf;https://www.unicreditbank.si/content/dam/cee2020-pws-si/SI-DOK/Tarife_in_obrestne_mere/Izvlecek_iz_tarife_PI/Izvle%C4%8Dek%20Sklepa%20o%20obrestnih%20merah%20banke%2001.08.2025.pdf;2026-02-28;scraped from UniCredit PDF;unicredit_depoziti.csv
6;UniCredit Banka Slovenija d.d.;Depozit 91–365D;500;100000.0;EUR;91;365.0;days;0.9;0.0999999999999999;1.0;regular;pdf;https://www.unicreditbank.si/content/dam/cee2020-pws-si/SI-DOK/Tarife_in_obrestne_mere/Izvlecek_iz_tarife_PI/Izvle%C4%8Dek%20Sklepa%20o%20obrestnih%20merah%20banke%2001.08.2025.pdf;2026-02-28;scraped from UniCredit PDF;unicredit_depoziti.csv
6;UniCredit Banka Slovenija d.d.;Depozit 12–36M;500;100000.0;EUR;12;36.0;months;1.1;0.0999999999999998;1.2;regular;pdf;https://www.unicreditbank.si/content/dam/cee2020-pws-si/SI-DOK/Tarife_in_obrestne_mere/Izvlecek_iz_tarife_PI/Izvle%C4%8Dek%20Sklepa%20o%20obrestnih%20merah%20banke%2001.08.2025.pdf;2026-02-28;scraped from UniCredit PDF;unicredit_depoziti.csv
6;UniCredit Banka Slovenija d.d.;Depozit 37–60M;500;100000.0;EUR;37;60.0;months;0.01;0.0;0.01;regular;pdf;https://www.unicreditbank.si/content/dam/cee2020-pws-si/SI-DOK/Tarife_in_obrestne_mere/Izvlecek_iz_tarife_PI/Izvle%C4%8Dek%20Sklepa%20o%20obrestnih%20merah%20banke%2001.08.2025.pdf;2026-02-28;scraped from UniCredit PDF;unicredit_depoziti.csv
